<?xml version="1.0" encoding="utf-8"?>
<ModMetaData>
  <name>More Autosave Slots</name>
  
  <author>Revolus</author>
  
  <packageId>Revolus.MoreAutosaveSlots</packageId>
  
  <supportedVersions>
    <li>1.1</li>
    <li>1.2</li>
    <li>1.3</li>
    <li>1.4</li>
  </supportedVersions>
  
  <modDependencies>
    <li>
      <packageId>brrainz.harmony</packageId>
      <displayName>Harmony</displayName>
      <steamWorkshopUrl>steam://url/CommunityFilePage/2009463077</steamWorkshopUrl>
      <downloadUrl>https://github.com/pardeike/HarmonyRimWorld/releases/latest</downloadUrl>
    </li>
  </modDependencies>
  
  <loadAfter>
    <li>brrainz.harmony</li>
  </loadAfter>
  
  <description>
Prevent accidental overwriting of autosaves, &lt;color=#dc143c&gt;cycle through more autosave files&lt;/color&gt;, and autosave more/less often.

This mod gives you more options about periodic saving. By default RimWorld uses 5 file names (Autosave-1 to Autosave-5), but using "More Autosave Slots" you can increase, and decrease this number to fit your needs. Even down to only one file.

Do you regularly play more than one game? Are multiple people using the same account? &lt;color=#dc143c&gt;Don't lose your progress!&lt;/color&gt; This mod uses a more descriptive naming scheme than "Autosave-X", and you can edit the naming scheme, too. Use the current date and time and never overwrite anything if you want to.

Do you want more control how often to save? Do you want to autosave every 9¾ days for no apparent reason? Well, you can! I don't judge you.
  </description>
</ModMetaData>
